編號,地點位置,管轄警察局,分局
1,臺北市大同區環河北路二段(北起敦煌路、南迄酒泉街),臺北市政府警察局,大同分局
2,臺北市萬華區康定路、桂林路口,臺北市政府警察局,萬華分局
3,臺北市萬華區艋舺公園,臺北市政府警察局,萬華分局
4,臺北市萬華區西寧南路62號路段,臺北市政府警察局,萬華分局
5,臺北市萬華區峨眉街28號路段,臺北市政府警察局,萬華分局
6,臺北市萬華區昆明街79號路段,臺北市政府警察局,萬華分局
7,臺北市萬華區406廣場(中華路2段及長沙街2段交叉口),臺北市政府警察局,萬華分局
8,臺北市萬華區西藏路222號路段,臺北市政府警察局,萬華分局
9,臺北市萬華區寶興街80巷10號路段,臺北市政府警察局,萬華分局
10,臺北市萬華區水源路199號內藍球場路段,臺北市政府警察局,萬華分局
11,臺北市萬華區萬大路424巷97號旁三角公園路段,臺北市政府警察局,萬華分局
12,臺北市萬華區萬大路542號路段,臺北市政府警察局,萬華分局
13,臺北市萬華區老松公園,臺北市政府警察局,萬華分局
14,臺北市萬華區和平青草原(原402公園)(艋舺大道、西園路口) ,臺北市政府警察局,萬華分局
15,臺北市萬華區南寧路48巷口,臺北市政府警察局,萬華分局
16,臺北市萬華區綠堤公園,臺北市政府警察局,萬華分局
17,臺北市中山區康樂公園,臺北市政府警察局,大安分局
18,臺北市中山區民權東路1段70巷,臺北市政府警察局,中山分局
19,臺北市中山區農安街、新生北路口,臺北市政府警察局,中山分局
20,臺北市中山區松江路(捷運松江、南京站周邊),臺北市政府警察局,中山分局
21,臺北市中山區朱崙街(遼寧街至龍江路沿線),臺北市政府警察局,中山分局
22,臺北市中山區榮星公園,臺北市政府警察局,中山分局
23,臺北市中山區濱江國小周邊,臺北市政府警察局,中山分局
24,臺北市中山區中原街(吉林路236巷及218巷間段),臺北市政府警察局,中山分局
25,臺北市大安區建國南路1段63-1號附近(計程車休息站) ,臺北市政府警察局,大安分局
26,臺北市大安區臨江街夜市,臺北市政府警察局,大安分局
27,臺北市中正區中華路1段一帶,臺北市政府警察局,中正一分局
28,臺北市中正區濟南路2段一帶,臺北市政府警察局,中正一分局
29,臺北市中正區忠孝西路1段一帶(臺北火車站地下商店街),臺北市政府警察局,中正一分局
30,臺北市中正區北平西路1段(捷運臺北站及公車臺北火車站周邊站牌),臺北市政府警察局,中正一分局
31,臺北市中正區中山南路人行天橋、地下道,臺北市政府警察局,中正一分局
32,臺北市中正區中山南路1段一帶,臺北市政府警察局,中正一分局
33,臺北市中正區林森南路、仁愛路人行地下道,臺北市政府警察局,中正一分局
34,臺北市中正區寶慶路(中華路至桃源街)路段,臺北市政府警察局,中正一分局
35,臺北市中正區捷運公館1號出口,臺北市政府警察局,中正二分局
36,臺北市中正區客家文化園區,臺北市政府警察局,中正二分局
37,臺北市中正區辛亥路1段12巷,臺北市政府警察局,中正二分局
38,臺北市中正區南昌路1段24巷內,臺北市政府警察局,中正二分局
39,臺北市中正區羅斯福路2段66巷,臺北市政府警察局,中正二分局
40,臺北市中正區和平西路、南昌路(南昌公園),臺北市政府警察局,中正二分局
41,臺北市中正區南海路105號國盛國宅一帶,臺北市政府警察局,中正二分局
42,臺北市中正區寧波西街181巷內永寬公園,臺北市政府警察局,中正二分局
43,臺北市中正區廈門街至和平西路一帶,臺北市政府警察局,中正二分局
44,臺北市中正區延平南路一帶商家(和平西路愛國西路),臺北市政府警察局,中正二分局
45,臺北市中正區寧波西街(泉州街至重慶南路),臺北市政府警察局,中正二分局
46,臺北市松山區八德路4段106巷附近,臺北市政府警察局,松山分局
47,臺北市松山區健康路325巷25弄附近,臺北市政府警察局,松山分局
48,臺北市松山區松河街4號水門內,臺北市政府警察局,松山分局
49,臺北市松山區松河街80幾號附近,臺北市政府警察局,松山分局
50,臺北市松山區復興北路10幾號附近,臺北市政府警察局,松山分局
51,臺北市松山區八德路2段346巷5弄附近,臺北市政府警察局,松山分局
52,臺北市松山區敦化北路與八德路口地下道,臺北市政府警察局,松山分局
53,臺北市松山區民生東路5段、撫遠街口,臺北市政府警察局,松山分局
54,臺北市松山區南京東路5段147巷內(西松國小後門),臺北市政府警察局,松山分局
55,臺北市松山區復興北路231巷,臺北市政府警察局,松山分局
56,臺北市信義區松隆路、永吉路30巷口,臺北市政府警察局,信義分局
57,臺北市信義區永吉公園,臺北市政府警察局,信義分局
58,臺北市信義區中強公園,臺北市政府警察局,信義分局
59,臺北市信義區福德街251巷7弄周邊,臺北市政府警察局,信義分局
60,臺北市信義區崇德街38巷內,臺北市政府警察局,信義分局
61,臺北市士林區美崙街190號旁  (基河路底),臺北市政府警察局,士林分局
62,臺北市士林區延平北路6段308號,臺北市政府警察局,士林分局
63,臺北市士林區三腳渡堤外 百齡右岸河濱公園,臺北市政府警察局,士林分局
64,臺北市士林區忠誠路2段207巷內(運動公園周邊),臺北市政府警察局,士林分局
65,臺北市士林區忠誠公園,臺北市政府警察局,士林分局
66,臺北市士林區永公路245巷34弄底6之6重劃區周邊,臺北市政府警察局,士林分局
67,臺北市士林區至善路3段71巷,臺北市政府警察局,士林分局
68,臺北市北投區中央北路4段583巷內,臺北市政府警察局,北投分局
69,臺北市文山區指南路1段道南橋下(含指南路1段道南橋頭),臺北市政府警察局,文山一分局
70,臺北市文山區木新路3段至寶橋下沿線河堤一帶,臺北市政府警察局,文山一分局
71,臺北市文山區木柵路1段1號至木柵路1段57號,臺北市政府警察局,文山一分局
72,臺北市文山區新光路1段118巷到道南橋下涵洞,臺北市政府警察局,文山一分局
73,臺北市文山區木柵路4段159巷14號至170弄口,臺北市政府警察局,文山一分局
74,臺北市文山區興德路66巷往萬美國宅階梯處,臺北市政府警察局,文山二分局
75,臺北市文山區萬芳醫院捷運站(興隆路3段111號),臺北市政府警察局,文山二分局
76,臺北市文山區辛亥捷運站(辛亥路4段128號),臺北市政府警察局,文山二分局
77,臺北市文山區基隆路四段與汀州路四段路口,臺北市政府警察局,文山二分局
78,臺北市文山區汀洲路四段88號（師大分部）後面,臺北市政府警察局,文山二分局
79,臺北市文山區羅斯福路6段401巷景美捷運站1號出口,臺北市政府警察局,文山二分局
80,臺北市文山區景行公園,臺北市政府警察局,文山二分局
81,臺北市內湖區內湖路三段60巷50弄,臺北市政府警察局,內湖分局
82,臺北市內湖區民權東路6段180巷,臺北市政府警察局,內湖分局
83,臺北市南港區忠孝東路6段2號(後山埤捷運站),臺北市政府警察局,南港分局
84,臺北市南港區南港路1段、興中路口(南興公園),臺北市政府警察局,南港分局
85,新北市三重區中正北路,新北市政府警察局,三重分局
86,新北市鶯歌區鶯桃路,新北市政府警察局,三峽分局
87,新北市三峽區復興路,新北市政府警察局,三峽分局
88,新北市土城區學府路一段,新北市政府警察局,土城分局
89,新北市中和區新生街,新北市政府警察局,中和二分局
90,新北市中和區連城路,新北市政府警察局,中和二分局
91,新北市中和區圓通路,新北市政府警察局,中和二分局
92,新北市中和區錦和路,新北市政府警察局,中和二分局
93,新北市永和區竹林路,新北市政府警察局,永和分局
94,新北市汐止區中興路,新北市政府警察局,汐止分局
95,新北市淡水區水源路一段,新北市政府警察局,淡水分局
96,新北市三芝區三民路,新北市政府警察局,淡水分局
97,新北市淡水區中山北路二段,新北市政府警察局,淡水分局
98,新北市新店區安業街,新北市政府警察局,新店分局
99,新北市新莊區新莊路,新北市政府警察局,新莊分局
100,新北市新莊區福壽街,新北市政府警察局,新莊分局
101,新北市樹林區保安街二段,新北市政府警察局,樹林分局
102,新北市樹林區啟智街,新北市政府警察局,樹林分局
103,新北市樹林區復興路,新北市政府警察局,樹林分局
104,新北市樹林區保安街一段,新北市政府警察局,樹林分局
105,新北市蘆洲區民族路,新北市政府警察局,蘆洲分局
106,新北市五股區五福路,新北市政府警察局,蘆洲分局
107,臺中市西區忠孝國小周遭,臺中市政府警察局,第一分局
108,臺中市中區光復國小周遭,臺中市政府警察局,第一分局
109,臺中市北區立人國小周邊,臺中市政府警察局,第二分局
110,臺中市北區自強街與自強一街周邊,臺中市政府警察局,第二分局
111,臺中市北區國強街周邊,臺中市政府警察局,第二分局
112,臺中市北區英才公園周邊,臺中市政府警察局,第二分局
113,臺中市北區梅亭街周邊,臺中市政府警察局,第二分局
114,臺中市東區復興路四段,臺中市政府警察局,第三分局
115,臺中市東區旱溪東路段,臺中市政府警察局,第三分局
116,臺中市南區興大路段與國光路段週邊,臺中市政府警察局,第三分局
117,臺中市南區大慶街路段與建國南路段週邊,臺中市政府警察局,第三分局
118,臺中市南屯區忠勇路,臺中市政府警察局,第四分局
119,臺中市南屯區三厝街與三和街口,臺中市政府警察局,第四分局
120,臺中市南屯區嶺東科技大學周邊,臺中市政府警察局,第四分局
121,臺中市南屯區大墩11街,臺中市政府警察局,第四分局
122,臺中市南屯區田心北三巷,臺中市政府警察局,第四分局
123,臺中市北屯區農村公園周邊,臺中市政府警察局,第五分局
124,臺中市北屯區雷虎公園周邊,臺中市政府警察局,第五分局
125,臺中市北屯區清平公園周邊,臺中市政府警察局,第五分局
126,臺中市北屯區823公園周邊,臺中市政府警察局,第五分局
127,臺中市北屯區?子公園周邊,臺中市政府警察局,第五分局
128,臺中市西屯區逢甲大學周邊,臺中市政府警察局,第六分局
129,臺中市西屯區青海路路段,臺中市政府警察局,第六分局
130,臺中市豐原區豐原國小週遭,臺中市政府警察局,豐原分局
131,臺中市豐原區福陽國小週遭,臺中市政府警察局,豐原分局
132,臺中市豐原區合作國小周邊,臺中市政府警察局,豐原分局
133,臺中市豐原區豐村國小周邊,臺中市政府警察局,豐原分局
134,臺中市豐原區翁子國小周邊,臺中市政府警察局,豐原分局
135,臺中市神岡區大漢街一帶,臺中市政府警察局,豐原分局
136,臺中市神岡區豐洲公園週遭,臺中市政府警察局,豐原分局
137,臺中市神岡區神岡國小週遭,臺中市政府警察局,豐原分局
138,臺中市神岡區圳堵國小週遭,臺中市政府警察局,豐原分局
139,臺中市潭子區勝利運動公園週遭,臺中市政府警察局,豐原分局
140,臺中市潭子區雅潭路一段與南門街口,臺中市政府警察局,豐原分局
141,臺中市潭子區僑忠國小周邊,臺中市政府警察局,豐原分局
142,臺中市大雅區大林路66巷口,臺中市政府警察局,豐原分局
143,臺中市大雅區三和公園周邊,臺中市政府警察局,豐原分局
144,臺中市大里區中興路2段,臺中市政府警察局,霧峰分局
145,臺中市大里區大明路段與永隆路段週邊,臺中市政府警察局,霧峰分局
146,臺中市大里區國光路2段,臺中市政府警察局,霧峰分局
147,臺中市烏日區高鐵周邊,臺中市政府警察局,烏日分局
148,臺中市烏日區太明路成豐巷往霧峰路段,臺中市政府警察局,烏日分局
149,臺中市大肚區沙田路1段（王田毛紡前機車道）,臺中市政府警察局,烏日分局
150,臺中市龍井區南崗產業道路,臺中市政府警察局,烏日分局
151,臺中市龍井區龍港路901號污水處理廠周邊,臺中市政府警察局,烏日分局
152,臺中市龍井區水裡港巷41號附近麗水大斑池後方,臺中市政府警察局,烏日分局
153,臺中市后里區三豐路、文明路路口,臺中市政府警察局,大甲分局
154,臺中市大甲區中山路一段、水源路路口,臺中市政府警察局,大甲分局
155,臺中市沙鹿區中山路與成功東街口,臺中市政府警察局,清水分局
156,臺中市沙鹿區臺灣大道七段與英才路口,臺中市政府警察局,清水分局
157,臺中市太平區振德街47巷,臺中市政府警察局,太平分局
158,臺中市太平區太堤東路與光興路口,臺中市政府警察局,太平分局
159,臺中市太平區中興東路99號(太平運動場),臺中市政府警察局,太平分局
160,臺中市東勢區東勢國小周邊,臺中市政府警察局,東勢分局
161,臺中市東勢區豐原客運站周邊,臺中市政府警察局,東勢分局
162,臺中市東勢區土牛國小周邊,臺中市政府警察局,東勢分局
163,臺中市東勢區大南國小周邊,臺中市政府警察局,東勢分局
164,臺南市新營區中正路與建國路口(往北至南85縣道路口),臺南市政府警察局,新營分局
165,臺南市後壁區竹新里竹圍後14號~50號,臺南市政府警察局,新營分局
166,臺南市麻豆區中華街34巷之間,臺南市政府警察局,麻豆分局
167,臺南市七股區西寮里活動中心附近,臺南市政府警察局,佳里分局
168,臺南市七股區永吉里60-100號,臺南市政府警察局,佳里分局
169,臺南市佳里區三協里後庄10-40號,臺南市政府警察局,佳里分局
170,臺南市將軍區長榮里長榮2至108號,臺南市政府警察局,學甲分局
171,臺南市新市區永就里永就26之11至39之1號,臺南市政府警察局,善化分局
172,臺南市善化區南122線（田寮里段及六德里段）沿線,臺南市政府警察局,善化分局
173,臺南市新化區護國里中山路85-95號,臺南市政府警察局,新化分局
174,臺南市新化區東榮里中興路710-730號,臺南市政府警察局,新化分局
175,臺南市新化區武安里中正路與和平街口附近,臺南市政府警察局,新化分局
176,臺南市新化區護國里中山路111巷30-50號,臺南市政府警察局,新化分局
177,臺南市歸仁區台39線與中正南路一段路口至台39線與中山路路口沿線,臺南市政府警察局,歸仁分局
178,臺南市楠西區東勢路100號至120號,臺南市政府警察局,玉井分局
179,臺南市永康區鹽新行街050-200號含巷弄,臺南市政府警察局,永康分局
180,臺南市永康區中華一路10-150號含巷弄,臺南市政府警察局,永康分局
181,臺南市永康區中山路11-151號含巷弄,臺南市政府警察局,永康分局
182,臺南市東區中華東路三段100至300號,臺南市政府警察局,第一分局
183,臺南市東區裕文路80-110號,臺南市政府警察局,第一分局
184,臺南市中西區西門路與和意路口,臺南市政府警察局,第二分局
185,臺南市中西區中山路1-9號,臺南市政府警察局,第二分局
186,臺南市中西區海安路二段9-31號,臺南市政府警察局,第二分局
187,臺南市安南區北安路三段302-312號,臺南市政府警察局,第三分局
188,臺南市安平區林默娘公園公有停車場,臺南市政府警察局,第四分局
189,臺南市安平區漁濱路（觀夕平台）,臺南市政府警察局,第四分局
190,臺南市北區開元路50-200號,臺南市政府警察局,第五分局
191,臺南市北區成功路2-50號,臺南市政府警察局,第五分局
192,臺南市北區西門路三段200-300號,臺南市政府警察局,第五分局
193,臺南市南區新興路250-500號,臺南市政府警察局,第六分局
194,臺南市南區健康路二段450號至600號,臺南市政府警察局,第六分局
195,高雄市新興區七賢一路,高雄市政府警察局,新興分局
196,高雄市新興區七賢二路,高雄市政府警察局,新興分局
197,高雄市新興區洛陽街,高雄市政府警察局,新興分局
198,高雄市新興區信守街,高雄市政府警察局,新興分局
199,高雄市新興區民生一路,高雄市政府警察局,新興分局
200,高雄市新興區復興一路,高雄市政府警察局,新興分局
201,高雄市新興區中華三路,高雄市政府警察局,新興分局
202,高雄市新興區六合一路,高雄市政府警察局,新興分局
203,高雄市新興區六合二路,高雄市政府警察局,新興分局
204,高雄市新興區復興二路(雄商圍牆外人行道上),高雄市政府警察局,新興分局
205,高雄市新興區仁愛街、德智街口(公園旁),高雄市政府警察局,新興分局
206,高雄市新興區五福二路、仁愛街口,高雄市政府警察局,新興分局
207,高雄市新興區中央公園內,高雄市政府警察局,新興分局
208,高雄市新興區五福二路(高雄女中周邊),高雄市政府警察局,新興分局
209,高雄市苓雅區中正公園公廁,高雄市政府警察局,苓雅分局
210,高雄市苓雅區大順、武廟路口,高雄市政府警察局,苓雅分局
211,高雄市苓雅區武慶三路、武信街口,高雄市政府警察局,苓雅分局
212,高雄市苓雅區和平一路144巷,高雄市政府警察局,苓雅分局
213,高雄市苓雅區大順三路,高雄市政府警察局,苓雅分局
214,高雄市苓雅區英明路147號,高雄市政府警察局,苓雅分局
215,高雄市苓雅區自強三路,高雄市政府警察局,苓雅分局
216,高雄市苓雅區五塊厝捷運站出口,高雄市政府警察局,苓雅分局
217,高雄市苓雅區凱旋、福成街口,高雄市政府警察局,苓雅分局
218,高雄市苓雅區建軍、行仁路口,高雄市政府警察局,苓雅分局
219,高雄市三民區察哈爾二街沿線,高雄市政府警察局,三民一分局
220,高雄市三民區三民街三民市場段,高雄市政府警察局,三民一分局
221,高雄市三民區力行、中都路口,高雄市政府警察局,三民一分局
222,高雄市三民區中山、建國,高雄市政府警察局,三民一分局
223,高雄市三民區凱旋一路69巷,高雄市政府警察局,三民一分局
224,高雄市三民區九如、松江街口 ,高雄市政府警察局,三民一分局
225,高雄市三民區建國三路、河北二路沿線,高雄市政府警察局,三民一分局
226,高雄市三民區自由、察哈爾街口,高雄市政府警察局,三民一分局
227,高雄市三民區松江、察哈爾街口（公園）,高雄市政府警察局,三民一分局
228,高雄市三民區淵源街,高雄市政府警察局,三民二分局
229,高雄市三民區大利街,高雄市政府警察局,三民二分局
230,高雄市三民區大昌二路,高雄市政府警察局,三民二分局
231,高雄市三民區九如一路,高雄市政府警察局,三民二分局
232,高雄市三民區民族一巷,高雄市政府警察局,三民二分局
233,高雄市三民區愛國路,高雄市政府警察局,三民二分局
234,高雄市三民區光富路,高雄市政府警察局,三民二分局
235,高雄市三民區永年街1巷,高雄市政府警察局,三民二分局
236,高雄市三民區昌平街,高雄市政府警察局,三民二分局
237,高雄市三民區陽明路,高雄市政府警察局,三民二分局
238,高雄市三民區義永路,高雄市政府警察局,三民二分局
239,高雄市三民區立志街,高雄市政府警察局,三民二分局
240,高雄市三民區鼎金1巷,高雄市政府警察局,三民二分局
241,高雄市三民區鼎金六巷,高雄市政府警察局,三民二分局
242,高雄市三民區日全街,高雄市政府警察局,三民二分局
243,高雄市三民區大和街,高雄市政府警察局,三民二分局
244,高雄市三民區昌富路,高雄市政府警察局,三民二分局
245,高雄市三民區水源路,高雄市政府警察局,三民二分局
246,高雄市三民區義安街,高雄市政府警察局,三民二分局
247,高雄市三民區天民路,高雄市政府警察局,三民二分局
248,高雄市三民區寶鼎街,高雄市政府警察局,三民二分局
249,高雄市三民區明哲路,高雄市政府警察局,三民二分局
250,高雄市三民區武功巷,高雄市政府警察局,三民二分局
251,高雄市三民區鼎正街,高雄市政府警察局,三民二分局
252,高雄市前鎮區光華二路,高雄市政府警察局,前鎮分局
253,高雄市前鎮區一心一路,高雄市政府警察局,前鎮分局
254,高雄市前鎮區中山路、鎮中路,高雄市政府警察局,前鎮分局
255,高雄市前鎮區佛公路、佛道路,高雄市政府警察局,前鎮分局
256,高雄市前鎮區明道二街,高雄市政府警察局,前鎮分局
257,高雄市前鎮區中山路、復興路,高雄市政府警察局,前鎮分局
258,高雄市前鎮區時代大道,高雄市政府警察局,前鎮分局
259,高雄市前鎮區一心路、文衡路,高雄市政府警察局,前鎮分局
260,高雄市前鎮區二聖路、修文路,高雄市政府警察局,前鎮分局
261,高雄市前鎮區瑞隆、保泰路口(崗山仔公園),高雄市政府警察局,前鎮分局
262,高雄市前鎮區瑞福、瑞安(瑞福公園),高雄市政府警察局,前鎮分局
263,高雄市前鎮區永豐、保泰路口,高雄市政府警察局,前鎮分局
264,高雄市鹽埕區河西路(鹽埕國中後門),高雄市政府警察局,鹽埕分局
265,高雄市鹽埕區府北路21巷6號旁,高雄市政府警察局,鹽埕分局
266,高雄市鹽埕區必忠街171號前,高雄市政府警察局,鹽埕分局
267,高雄市鹽埕區五福四路72號(全家超商),高雄市政府警察局,鹽埕分局
268,高雄市鼓山區美術東四路沿線,高雄市政府警察局,鼓山分局
269,高雄市鼓山區凹仔底公園,高雄市政府警察局,鼓山分局
270,高雄市鼓山區龍勝路,高雄市政府警察局,鼓山分局
271,高雄市鼓山區龍德路,高雄市政府警察局,鼓山分局
272,高雄市鼓山區美術東二路,高雄市政府警察局,鼓山分局
273,高雄市鼓山區裕民街,高雄市政府警察局,鼓山分局
274,高雄市鼓山區九如、吳鳳路口,高雄市政府警察局,鼓山分局
275,高雄市鼓山區鼓山三路,高雄市政府警察局,鼓山分局
276,高雄市鼓山區鼓山二路,高雄市政府警察局,鼓山分局
277,高雄市鼓山區逢甲、銘傳路85巷口,高雄市政府警察局,鼓山分局
278,高雄市鼓山區臨海二路30巷,高雄市政府警察局,鼓山分局
279,高雄市鼓山區旗津區廟前路(旗津天后宮),高雄市政府警察局,鼓山分局
280,高雄市左營區蓮潭路→明潭路→翠華路,高雄市政府警察局,左營分局
281,高雄市左營區崇實新村,高雄市政府警察局,左營分局
282,高雄市左營區果貿社區,高雄市政府警察局,左營分局
283,高雄市左營區新莊仔路(翠華至勝利路口),高雄市政府警察局,左營分局
284,高雄市左營區舊城巷,高雄市政府警察局,左營分局
285,高雄市左營區軍校路國軍左營醫院附近,高雄市政府警察局,左營分局
286,高雄市左營區民族路文藻學校附近,高雄市政府警察局,左營分局
287,高雄市左營區高鐵旁原生植物園附近,高雄市政府警察局,左營分局
288,高雄市楠梓區土庫七街與土庫八街口,高雄市政府警察局,楠梓分局
289,高雄市楠梓區旗楠路837巷生態公園,高雄市政府警察局,楠梓分局
290,高雄市楠梓區廣昌街141巷底(海軍圍牆便道),高雄市政府警察局,楠梓分局
291,高雄市楠梓區德民路、三山街口(德民公園),高雄市政府警察局,楠梓分局
292,高雄市楠梓區加昌路與加昌路700巷(雕堡公園),高雄市政府警察局,楠梓分局
293,高雄市楠梓區德民路與後昌新路巷內(右昌森林公園),高雄市政府警察局,楠梓分局
294,高雄市楠梓區高楠公路1003巷,高雄市政府警察局,楠梓分局
295,高雄市楠梓區左楠路世運捷運站,高雄市政府警察局,楠梓分局
296,高雄市楠梓區都會公園捷運站,高雄市政府警察局,楠梓分局
297,高雄市小港區港平路,高雄市政府警察局,小港分局
298,高雄市小港區平和西路,高雄市政府警察局,小港分局
299,高雄市小港區平和東路與平和南路口,高雄市政府警察局,小港分局
300,高雄市小港區東亞路,高雄市政府警察局,小港分局
301,高雄市小港區翠亨南與平和東路口,高雄市政府警察局,小港分局
302,高雄市小港區港美街,高雄市政府警察局,小港分局
303,高雄市小港區平和十路與鋼平街口,高雄市政府警察局,小港分局
304,高雄市小港區桂義街與桂德街口,高雄市政府警察局,小港分局
305,高雄市小港區華昌街93巷口,高雄市政府警察局,小港分局
306,高雄市小港區桂陽路與桂明街口,高雄市政府警察局,小港分局
307,高雄市小港區高松路與山田路口,高雄市政府警察局,小港分局
308,高雄市小港區高松路高架橋下,高雄市政府警察局,小港分局
309,高雄市小港區高松路松金街口,高雄市政府警察局,小港分局
310,高雄市小港區松和路,高雄市政府警察局,小港分局
311,高雄市小港區華山路段,高雄市政府警察局,小港分局
312,高雄市小港區漢民與金府路口,高雄市政府警察局,小港分局
313,高雄市小港區R3捷運站出口,高雄市政府警察局,小港分局
314,高雄市小港區學府路(小港高中),高雄市政府警察局,小港分局
315,高雄市鳳山區經武路28巷26號前,高雄市政府警察局,鳳山分局
316,高雄市鳳山區鳳東路500號1樓7號,高雄市政府警察局,鳳山分局
317,高雄市鳳山區中崙二路575巷15號5樓,高雄市政府警察局,鳳山分局
318,高雄市鳳山區林森路76巷57號,高雄市政府警察局,鳳山分局
319,高雄市鳳山區王生明路,高雄市政府警察局,鳳山分局
320,高雄市鳳山區五權南路與國泰路二段路口,高雄市政府警察局,鳳山分局
321,高雄市鳳山區華興街2號,高雄市政府警察局,鳳山分局
322,高雄市鳳山區立德街116號1樓,高雄市政府警察局,鳳山分局
323,高雄市仁武區八德一路,高雄市政府警察局,仁武分局
324,高雄市仁武區仁雄路,高雄市政府警察局,仁武分局
325,高雄市鳥松區大埤路,高雄市政府警察局,仁武分局
326,高雄市仁武區水管路,高雄市政府警察局,仁武分局
327,高雄市大社區三民路,高雄市政府警察局,仁武分局
328,高雄市仁武區鳳仁路,高雄市政府警察局,仁武分局
329,高雄市鳥松區神農路,高雄市政府警察局,仁武分局
330,高雄市仁武區澄觀路,高雄市政府警察局,仁武分局
331,高雄市大樹區久堂路,高雄市政府警察局,仁武分局
332,高雄市橋頭區成功路,高雄市政府警察局,岡山分局
333,高雄市梓官區通安路,高雄市政府警察局,岡山分局
334,高雄市燕巢區滾水路,高雄市政府警察局,岡山分局
335,高雄市梓官區漁港二路,高雄市政府警察局,岡山分局
336,高雄市彌陀區中正南路,高雄市政府警察局,岡山分局
337,高雄市燕巢區東燕里巷,高雄市政府警察局,岡山分局
338,高雄市大寮區力行路88夜市前,高雄市政府警察局,林園分局
339,高雄市大寮區永芳路,高雄市政府警察局,林園分局
340,高雄市大寮區翁園路,高雄市政府警察局,林園分局
341,高雄市大寮區仁愛路,高雄市政府警察局,林園分局
342,高雄市林園區沿海路二段,高雄市政府警察局,林園分局
343,高雄市大寮區捷西路,高雄市政府警察局,林園分局
344,高雄市大寮區鳳林三路382巷內,高雄市政府警察局,林園分局
345,高雄市旗山區延平一路,高雄市政府警察局,旗山分局
346,高雄市旗山區旗甲路4段,高雄市政府警察局,旗山分局
347,高雄市杉林區司馬路,高雄市政府警察局,旗山分局
348,高雄市美濃區東門街,高雄市政府警察局,旗山分局
349,高雄市旗山區旗甲路1段,高雄市政府警察局,旗山分局
350,高雄市內門區三平里烏西崙,高雄市政府警察局,旗山分局
351,高雄市內門區內興里復興,高雄市政府警察局,旗山分局
352,高雄市路竹區華光路,高雄市政府警察局,湖內分局
353,高雄市路竹區文化路,高雄市政府警察局,湖內分局
354,高雄市路竹區中山路,高雄市政府警察局,湖內分局
355,高雄市路竹區復興路,高雄市政府警察局,湖內分局
356,高雄市路竹區新生路,高雄市政府警察局,湖內分局
357,高雄市湖內區中山路一段,高雄市政府警察局,湖內分局
358,高雄市湖內區中正路二段,高雄市政府警察局,湖內分局
359,高雄市湖內區民生街,高雄市政府警察局,湖內分局
360,高雄市湖內區東方路,高雄市政府警察局,湖內分局
361,高雄市茄萣區濱海路三段,高雄市政府警察局,湖內分局
362,高雄市茄萣區情人碼頭周邊,高雄市政府警察局,湖內分局
363,高雄市阿蓮區崗山里,高雄市政府警察局,湖內分局
364,高雄市田寮區公館路,高雄市政府警察局,湖內分局
365,高雄市六龜區中興里(龍興國小籃球場),高雄市政府警察局,六龜分局
366,高雄市茂林區茂林里(茂林國小周遭),高雄市政府警察局,六龜分局
367,高雄市桃源區樟山國小周遭,高雄市政府警察局,六龜分局
368,桃園市桃園區三民路與中福街周邊,桃園市政府警察局,桃園分局
369,桃園市桃園市立圖書館周邊,桃園市政府警察局,桃園分局
370,桃園市桃園區文昌公園周邊,桃園市政府警察局,桃園分局
371,桃園市桃園區桃園火車站周邊,桃園市政府警察局,桃園分局
372,桃園市桃園區中正路與復興路周邊,桃園市政府警察局,桃園分局
373,桃園市桃園區中正路48巷周邊,桃園市政府警察局,桃園分局
374,桃園市桃園區會稽公園周邊,桃園市政府警察局,桃園分局
375,桃園市桃園區快樂國小及公園周邊,桃園市政府警察局,桃園分局
376,桃園市桃園區大有路殯儀館周邊,桃園市政府警察局,桃園分局
377,桃園市桃園區成功路三段榮民醫院周邊,桃園市政府警察局,桃園分局
378,桃園市桃園區民光東路與福元街周邊,桃園市政府警察局,桃園分局
379,桃園市桃園區桃園高中周邊,桃園市政府警察局,桃園分局
380,桃園市桃園區富國路陸橋周邊,桃園市政府警察局,桃園分局
381,桃園市桃園區永安北路瑞慶公園周邊,桃園市政府警察局,桃園分局
382,桃園市桃園區慈愛七街中路重劃區周邊,桃園市政府警察局,桃園分局
383,桃園市桃園區振聲中學周邊,桃園市政府警察局,桃園分局
384,桃園市桃園區中興國中周邊,桃園市政府警察局,桃園分局
385,桃園市桃園區國強公園周邊,桃園市政府警察局,桃園分局
386,桃園市桃園區中山國小周邊,桃園市政府警察局,桃園分局
387,桃園市桃園區延平地下道及火車站周邊,桃園市政府警察局,桃園分局
388,桃園市桃園區陽明公園（保羅街）周邊,桃園市政府警察局,桃園分局
389,桃園市桃園區工業區周邊（興華、興邦路）,桃園市政府警察局,桃園分局
390,桃園市桃園區桃園療養院周邊,桃園市政府警察局,桃園分局
391,桃園市桃園區龍山街周邊,桃園市政府警察局,桃園分局
392,桃園市桃園區愛買量販店店周邊,桃園市政府警察局,桃園分局
393,桃園市觀音區坑尾一帶,桃園市政府警察局,大園分局
394,桃園市觀音區觀音海邊,桃園市政府警察局,大園分局
395,桃園市中壢區中平路、中正路一帶,桃園市政府警察局,中壢分局
396,桃園市中壢區龍昌路一帶,桃園市政府警察局,中壢分局
397,桃園市楊梅區高新街附近,桃園市政府警察局,楊梅分局
398,桃園市楊梅區楊梅火車站周邊,桃園市政府警察局,楊梅分局
399,桃園市新屋區永安漁港一帶,桃園市政府警察局,楊梅分局
400,桃園市新屋區綠色隧道一帶,桃園市政府警察局,楊梅分局
401,桃園市平鎮區中豐路山頂段、東豐路與山福路區段,桃園市政府警察局,平鎮分局
402,桃園市平鎮區環南路與新德街口附近,桃園市政府警察局,平鎮分局
403,桃園市平鎮區游泳路一帶,桃園市政府警察局,平鎮分局
404,桃園市龜山區萬壽路二段與山鶯路一帶 ,桃園市政府警察局,龜山分局
405,桃園市龜山區萬壽路一段與龍興街一帶,桃園市政府警察局,龜山分局
406,桃園市龜山區文化三路與文三一街一帶,桃園市政府警察局,龜山分局
407,桃園市龜山區山鶯路與中興路一帶,桃園市政府警察局,龜山分局
408,桃園市龜山區文化一路與振興路一帶,桃園市政府警察局,龜山分局
409,桃園市龜山區文化一路與復興三路一帶,桃園市政府警察局,龜山分局
410,桃園市八德區福國街125巷周遭,桃園市政府警察局,八德分局
411,桃園市八德區介壽路二段361巷周遭,桃園市政府警察局,八德分局
412,桃園市八德區廣福路158巷周遭,桃園市政府警察局,八德分局
413,桃園市八德區介壽路一段周遭,桃園市政府警察局,八德分局
414,桃園市八德區華安街45巷周遭 ,桃園市政府警察局,八德分局
415,桃園市八德區魚池街99巷周遭,桃園市政府警察局,八德分局
416,桃園市八德區介壽路二段490巷周遭,桃園市政府警察局,八德分局
417,桃園市八德區宵里大池周遭,桃園市政府警察局,八德分局
418,桃園市蘆竹區中正路,桃園市政府警察局,蘆竹分局
419,桃園市蘆竹區南崁路1段,桃園市政府警察局,蘆竹分局
420,桃園市蘆竹區大竹路,桃園市政府警察局,蘆竹分局
421,桃園市蘆竹區南崁路二段,桃園市政府警察局,蘆竹分局
422,桃園市蘆竹區海山路二段,桃園市政府警察局,蘆竹分局
423,基隆市仁愛區復興街一帶,基隆市警察局,第一分局
424,基隆市仁愛區愛三路廟口夜市周邊,基隆市警察局,第一分局
425,基隆市仁愛區南榮國小周邊,基隆市警察局,第一分局
426,基隆市中正區新豐街,基隆市警察局,第二分局
427,基隆市中正區義一路,基隆市警察局,第二分局
428,基隆市中正區祥豐街,基隆市警察局,第二分局
429,基隆市中正區中正路,基隆市警察局,第二分局
430,基隆市中正區平一路,基隆市警察局,第二分局
431,基隆市信義區信二路體育館附近,基隆市警察局,第二分局
432,基隆市信義區崇法街,基隆市警察局,第二分局
433,基隆市信義區深溪路愛買附近,基隆市警察局,第二分局
434,基隆市七堵區東新街73巷籃球場周邊,基隆市警察局,第三分局
435,基隆市七堵區明德三路1-1號百福火車站,基隆市警察局,第三分局
436,基隆市暖暖區八堵路八堵火車站旁228公園,基隆市警察局,第三分局
437,基隆市暖暖區源遠路公車休息站旁函洞,基隆市警察局,第三分局
438,基隆市暖暖區暖暖街246巷白公園,基隆市警察局,第三分局
439,基隆市暖暖區源遠路258號碇內國小旁天橋及周圍人行道,基隆市警察局,第三分局
440,基隆市七堵區華新一路2號旁與汐止區交接處,基隆市警察局,第三分局
441,基隆市安樂區安和一街29號建德國中前周邊,基隆市警察局,第四分局
442,基隆市安樂區安一路360號安樂中學前周邊,基隆市警察局,第四分局
443,基隆市安樂區武訓街工業區內,基隆市警察局,第四分局
444,基隆市安樂區基金一路208巷內長庚醫院前周邊,基隆市警察局,第四分局
445,基隆市中山區復興路336號經國管理學院前周邊,基隆市警察局,第四分局
446,基隆市中山區西華里西定路166號聖心小學前周邊,基隆市警察局,第四分局
447,新竹市南寮漁港及海天一線(看海區),新竹市警察局,第一分局
448,新竹市經國路二段,新竹市警察局,第一分局
449,新竹市北大路,新竹市警察局,第一分局
450,新竹市東大路二段,新竹市警察局,第一分局
451,新竹市北大路、中山路口,新竹市警察局,第一分局
452,新竹市民富街、西大路口,新竹市警察局,第一分局
453,新竹市東區中華路二段、東大路一段路口,新竹市警察局,第二分局
454,新竹市東區北大路、光華街口,新竹市警察局,第二分局
455,新竹市東區綠水路、食品路口,新竹市警察局,第二分局
456,新竹市東區中央路、自由路口,新竹市警察局,第二分局
457,新竹市東區府後街228紀念公園周邊,新竹市警察局,第二分局
458,新竹市東區千甲路,新竹市警察局,第二分局
459,新竹市香山區樹下街,新竹市警察局,第三分局
460,新竹市香山區竹香南路,新竹市警察局,第三分局
461,新竹市香山區浸水北街,新竹市警察局,第三分局
462,新竹市香山區中華路4段,新竹市警察局,第三分局
463,新竹市東區武昌街建國公園,新竹市警察局,第三分局
464,嘉義市西區北榮街(MTV),嘉義市政府警察局,第一分局
465,嘉義市西區四維路(汽車旅館),嘉義市政府警察局,第一分局
466,嘉義市西區劉厝公園附近路段,嘉義市政府警察局,第一分局
467,嘉義市西區興雅路附近路段,嘉義市政府警察局,第一分局
468,竹北市文平路附近,新竹縣政府警察局,竹北分局
469,竹北市光明六路與博愛街附近,新竹縣政府警察局,竹北分局
470,湖口鄉榮光路附近,新竹縣政府警察局,竹北分局
471,湖口鄉中山路附近,新竹縣政府警察局,竹北分局
472,竹北市成功三街附近,新竹縣政府警察局,竹北分局
473,新豐鄉新興路20-50號附近,新竹縣政府警察局,竹北分局
474,新豐鄉新興路300-350號附近,新竹縣政府警察局,竹北分局
475,竹北市嘉豐十一路2段附近,新竹縣政府警察局,竹北分局
476,竹北市三民路附近,新竹縣政府警察局,竹北分局
477,湖口鄉光復東路週邊,新竹縣政府警察局,竹北分局
478,竹北市新溪街河堤附近,新竹縣政府警察局,竹北分局
479,新豐鄉松林街附近,新竹縣政府警察局,竹北分局
480,竹北市勝利七街二段,新竹縣政府警察局,竹北分局
481,竹北市勝利二街,新竹縣政府警察局,竹北分局
482,新豐鄉青埔子精華國中附近,新竹縣政府警察局,竹北分局
483,新豐鄉坡頭漁港觀海堤防,新竹縣政府警察局,竹北分局
484,新豐鄉自立街42巷附近,新竹縣政府警察局,竹北分局
485,新豐鄉崎頂村20鄰附近,新竹縣政府警察局,竹北分局
486,湖口鄉中山路三段與桃園交界處,新竹縣政府警察局,竹北分局
487,竹東鎮華揚街附近,新竹縣政府警察局,竹東分局
488,竹東鎮河濱公園橋下附近,新竹縣政府警察局,竹東分局
489,關西鎮信義街10巷附近,新竹縣政府警察局,新埔分局
490,關西鎮東安里銘鳳公園附近,新竹縣政府警察局,新埔分局
491,芎林鄉富林路二段附近,新竹縣政府警察局,橫山分局
492,橫山鄉中豐路沙坑段附近,新竹縣政府警察局,橫山分局
493,苗栗縣苗栗市和興街忠孝路口一帶,苗栗縣警察局,苗栗分局
494,苗栗縣苗栗市建功里忠孝路段卡拉OK,苗栗縣警察局,苗栗分局
495,苗栗縣苗栗市英才路文發路口,苗栗縣警察局,苗栗分局
496,苗栗縣苗栗市大同里西勢美南地區,苗栗縣警察局,苗栗分局
497,苗栗縣苗栗市高苗里中正路與光復路口一帶,苗栗縣警察局,苗栗分局
498,苗栗縣銅鑼鄉九湖村九華山佛教聖地路段,苗栗縣警察局,苗栗分局
499,苗栗縣銅鑼鄉中平村中興一街中興工業區,苗栗縣警察局,苗栗分局
500,苗栗縣銅鑼鄉中平村客屬大橋周邊,苗栗縣警察局,苗栗分局
501,苗栗縣三義鄉勝興村勝興車站周邊,苗栗縣警察局,苗栗分局
502,苗栗縣三義鄉雙湖村台十三線(與銅鑼鄉交界),苗栗縣警察局,苗栗分局
503,苗栗縣三義鄉鯉魚潭村台十三線路段,苗栗縣警察局,苗栗分局
504,苗栗縣頭屋鄉明德水庫東側苗一二六線,苗栗縣警察局,苗栗分局
505,苗栗縣公館鄉五穀村苗栗交流道周邊,苗栗縣警察局,苗栗分局
506,苗栗縣公館鄉大同路與榮光路口商業大樓,苗栗縣警察局,苗栗分局
507,苗栗縣三義鄉西湖村車亭休息站周邊,苗栗縣警察局,苗栗分局
508,苗栗縣造橋鄉大西村造橋火車站,苗栗縣警察局,竹南分局
509,苗栗縣造橋鄉大西村十字路口超商附近,苗栗縣警察局,竹南分局
510,苗栗縣造橋鄉鎮平興村大地牧場,苗栗縣警察局,竹南分局
511,苗栗縣造橋鄉談文村金源興加油站,苗栗縣警察局,竹南分局
512,苗栗縣造橋鄉談文村育達大學校區,苗栗縣警察局,竹南分局
513,苗栗縣後龍鎮灣寶里苗八、苗九線路口,苗栗縣警察局,竹南分局
514,苗栗縣後龍鎮海埔里外埔漁港,苗栗縣警察局,竹南分局
515,苗栗縣後龍鎮水尾里海堤,苗栗縣警察局,竹南分局
516,苗栗縣後龍鎮大庄里藝術家社區,苗栗縣警察局,竹南分局
517,苗栗縣後龍鎮中龍里後龍火車站,苗栗縣警察局,竹南分局
518,苗栗縣後龍鎮溪洲里仁德醫校,苗栗縣警察局,竹南分局
519,苗栗縣後龍鎮東明里下浮尾,苗栗縣警察局,竹南分局
520,苗栗縣竹南鎮中華里博愛公園,苗栗縣警察局,竹南分局
521,苗栗縣竹南鎮竹興里假日之森,苗栗縣警察局,竹南分局
522,苗栗縣竹南鎮竹興里照南國中預定地,苗栗縣警察局,竹南分局
523,苗栗縣竹南鎮中美里親子之森,苗栗縣警察局,竹南分局
524,苗栗縣竹南鎮竹南里竹南火車站,苗栗縣警察局,竹南分局
525,苗栗縣竹南鎮新南里竹南運動公園,苗栗縣警察局,竹南分局
526,苗栗縣竹南鎮龍鳳里龍鳳漁港,苗栗縣警察局,竹南分局
527,苗栗縣竹南鎮照南里第二市場,苗栗縣警察局,竹南分局
528,苗栗縣後龍鎮中和里好望角,苗栗縣警察局,竹南分局
529,苗栗縣後龍鎮龍津里後龍出海口,苗栗縣警察局,竹南分局
530,苗栗縣後龍鎮龍坑里遊桐花汽車旅館,苗栗縣警察局,竹南分局
531,苗栗縣後龍鎮埔頂里長青俱樂部卡拉OK,苗栗縣警察局,竹南分局
532,苗栗縣後龍鎮埔頂里昌達資源回收場,苗栗縣警察局,竹南分局
533,苗栗縣竹南鎮海口里長青之森,苗栗縣警察局,竹南分局
534,苗栗縣竹南鎮海口里海口國小,苗栗縣警察局,竹南分局
535,苗栗縣竹南鎮港墘里活動中心週遭河堤,苗栗縣警察局,竹南分局
536,苗栗縣竹南鎮大埔里綠大地社區,苗栗縣警察局,竹南分局
537,苗栗縣頭份市中正路地區檳榔攤,苗栗縣警察局,頭份分局
538,苗栗縣頭份市銀河路地區酒店、KTV,苗栗縣警察局,頭份分局
539,苗栗縣頭份市中正路上公園,苗栗縣警察局,頭份分局
540,苗栗縣頭份市中正路下公園,苗栗縣警察局,頭份分局
541,苗栗縣頭份市後庄地區酒店、KTV、汽車旅館,苗栗縣警察局,頭份分局
542,苗栗縣頭份市中華路地區檳榔攤,苗栗縣警察局,頭份分局
543,苗栗縣頭份市中華路交流道附近檳榔攤,苗栗縣警察局,頭份分局
544,苗栗縣五南里中山路三段周邊,苗栗縣警察局,通霄分局
545,苗栗縣苑北里中山路周邊,苗栗縣警察局,通霄分局
546,苗栗縣苑北里火車站周邊,苗栗縣警察局,通霄分局
547,苗栗縣客庄里信義路與新興路附近,苗栗縣警察局,通霄分局
548,苗栗縣大湖鄉中原路5巷小公園,苗栗縣警察局,大湖分局
549,苗栗縣卓蘭鎮中正路、昭永路口,苗栗縣警察局,大湖分局
550,苗栗縣獅潭鄉台三線114.5公里處,苗栗縣警察局,大湖分局
551,苗栗縣泰安鄉大安道路3公里處(象鼻吊橋),苗栗縣警察局,大湖分局
552,苗栗縣卓蘭鎮坪林里雙連(苗54-1線2公里處),苗栗縣警察局,大湖分局
553,彰化縣花壇鄉花壇村明德街,彰化縣警察局,彰化分局
554,彰化縣花壇鄉長沙村彰員路2段,彰化縣警察局,彰化分局
555,彰化縣芬園鄉舊社村彰南路5段,彰化縣警察局,彰化分局
556,彰化縣芬園鄉舊社村中興路,彰化縣警察局,彰化分局
557,彰化縣芬園鄉嘉興村嘉東街,彰化縣警察局,彰化分局
558,彰化縣彰化市彰南路2段,彰化縣警察局,彰化分局
559,彰化縣彰化市自立街,彰化縣警察局,彰化分局
560,彰化縣彰化市台化街,彰化縣警察局,彰化分局
561,彰化縣伸港鄉蚵寮路,彰化縣警察局,和美分局
562,彰化縣和美鎮和厝路1段,彰化縣警察局,和美分局
563,彰化縣伸港鄉海尾路,彰化縣警察局,和美分局
564,彰化縣大村鄉山腳路,彰化縣警察局,員林分局
565,彰化縣永靖鄉中山路,彰化縣警察局,員林分局
566,彰化縣員林市山腳路4段,彰化縣警察局,員林分局
567,彰化縣員林市浮圳路2段,彰化縣警察局,員林分局
568,彰化縣員林市中山路1段,彰化縣警察局,員林分局
569,彰化縣員林市員水路2段,彰化縣警察局,員林分局
570,彰化縣埔鹽鄉番金路段,彰化縣警察局,溪湖分局
571,彰化縣埔鹽鄉彰水路1段,彰化縣警察局,溪湖分局
572,彰化縣田中鎮員集路2段,彰化縣警察局,田中分局
573,彰化縣社頭鄉山腳路2段,彰化縣警察局,田中分局
574,彰化縣田中鎮斗中路2段,彰化縣警察局,田中分局
575,南投縣南投市南投市彰南路段,南投縣政府警察局,南投分局
576,南投縣南投市南投市公園南街路段,南投縣政府警察局,南投分局
577,南投縣南投市南投市南崗路段,南投縣政府警察局,南投分局
578,南投市中華路營盤路地下涵洞,南投縣政府警察局,中興分局
579,南投市省府路國光客運公司後方,南投縣政府警察局,中興分局
580,南投市環山路中興會堂旁,南投縣政府警察局,中興分局
581,南投市新興路德興國小旁,南投縣政府警察局,中興分局
582,南投縣草屯鎮大成街停車場,南投縣政府警察局,草屯分局
583,南投縣草屯鎮中山公園停車場,南投縣政府警察局,草屯分局
584,南投縣草屯鎮墩煌路三段停車場,南投縣政府警察局,草屯分局
585,南投縣草屯鎮敦和路、博愛路（敦和段）,南投縣政府警察局,草屯分局
586,南投縣草屯鎮忠孝街（明正段）,南投縣政府警察局,草屯分局
587,南投縣草屯鎮省府路、富林路三段（上林段）,南投縣政府警察局,草屯分局
588,南投縣草屯鎮中正路、登輝路（御史段）,南投縣政府警察局,草屯分局
589,南投縣草屯鎮日新街（新庄段）,南投縣政府警察局,草屯分局
590,南投縣草屯鎮平峰路（坪林段）,南投縣政府警察局,草屯分局
591,南投縣草屯鎮博愛路（玉峰段）,南投縣政府警察局,草屯分局
592,南投縣草屯鎮中正路（新豐段）,南投縣政府警察局,草屯分局
593,南投縣草屯鎮草屯國中周邊,南投縣政府警察局,草屯分局
594,南投縣草屯鎮日新國中周邊,南投縣政府警察局,草屯分局
595,南投縣中寮鄉中寮國中周邊,南投縣政府警察局,草屯分局
596,南投縣中寮鄉爽文國中周邊,南投縣政府警察局,草屯分局
597,南投縣草屯鎮防汎路烏溪河畔（新豐段）,南投縣政府警察局,草屯分局
598,南投縣魚池鄉德化國小周邊,南投縣政府警察局,集集分局
599,南投縣水里鄉車埕村民權巷（車埕國小周圍）,南投縣政府警察局,集集分局
600,南投縣魚池鄉頭社村頭社國小週邊,南投縣政府警察局,集集分局
601,南投縣水里鄉郡坑國小周邊,南投縣政府警察局,集集分局
602,魚池鄉東光村東光國小周邊,南投縣政府警察局,集集分局
603,魚池鄉共和村共和國小周邊,南投縣政府警察局,集集分局
604,南投縣魚池鄉魚池國中,南投縣政府警察局,集集分局
605,南投縣魚池鄉魚池國小,南投縣政府警察局,集集分局
606,南投縣魚池鄉新城國小,南投縣政府警察局,集集分局
607,南投縣魚池鄉三育神學院,南投縣政府警察局,集集分局
608,南投縣魚池鄉水社村明潭國中小學周邊,南投縣政府警察局,集集分局
609,南投縣魚池鄉五城村華龍巷五城國小周邊,南投縣政府警察局,集集分局
610,南投縣集集鎮隘寮里隘埔巷,南投縣政府警察局,集集分局
611,南投縣集集鎮隘寮里田寮巷,南投縣政府警察局,集集分局
612,南投縣水里鄉成城國小旁空地,南投縣政府警察局,集集分局
613,南投縣水里鄉永興國小旁空地,南投縣政府警察局,集集分局
614,南投縣水里鄉水里國小旁空地,南投縣政府警察局,集集分局
615,南投縣水里鄉玉峰國小旁空地,南投縣政府警察局,集集分局
616,南投縣集集國中周邊,南投縣政府警察局,集集分局
617,南投縣富山國小附近,南投縣政府警察局,集集分局
618,南投縣竹山鎮集山路三段周邊,南投縣政府警察局,竹山分局
619,南投縣竹山鎮橫街路段,南投縣政府警察局,竹山分局
620,南投縣竹山鎮菜園路路段,南投縣政府警察局,竹山分局
621,南投縣竹山鎮大禮路路段,南投縣政府警察局,竹山分局
622,南投縣竹山鎮育英路路段,南投縣政府警察局,竹山分局
623,南投縣埔里鎮仁愛公園周邊,南投縣政府警察局,埔里分局
624,南投縣埔里鎮育英國小周邊,南投縣政府警察局,埔里分局
625,南投縣埔里鎮宏仁國中周邊(中華路),南投縣政府警察局,埔里分局
626,南投縣仁愛鄉霧社國小週邊,南投縣政府警察局,仁愛分局
627,南投縣仁愛鄉仁愛高農週邊,南投縣政府警察局,仁愛分局
628,南投縣仁愛鄉春陽國小週邊,南投縣政府警察局,仁愛分局
629,南投縣仁愛鄉南豐國小週邊,南投縣政府警察局,仁愛分局
630,南投縣仁愛鄉南豐村全家超商週邊,南投縣政府警察局,仁愛分局
631,南投縣仁愛鄉親愛國小週邊,南投縣政府警察局,仁愛分局
632,南投縣仁愛鄉親愛部路週邊,南投縣政府警察局,仁愛分局
633,南投縣仁愛鄉法治國小週邊,南投縣政府警察局,仁愛分局
634,南投縣仁愛鄉萬豐國小週邊,南投縣政府警察局,仁愛分局
635,南投縣仁愛鄉合作國小週邊,南投縣政府警察局,仁愛分局
636,南投縣仁愛鄉平靜國小週邊,南投縣政府警察局,仁愛分局
637,南投縣仁愛鄉都達部落週邊,南投縣政府警察局,仁愛分局
638,南投縣仁愛鄉廬山國小週邊,南投縣政府警察局,仁愛分局
639,南投縣仁愛鄉廬山部落週邊,南投縣政府警察局,仁愛分局
640,南投縣仁愛鄉互助國小週邊,南投縣政府警察局,仁愛分局
641,南投縣仁愛鄉清流部落週邊,南投縣政府警察局,仁愛分局
642,南投縣仁愛鄉紅葉國小週邊,南投縣政府警察局,仁愛分局
643,南投縣仁愛鄉發祥部落週邊,南投縣政府警察局,仁愛分局
644,南投縣仁愛鄉瑞岩國小週邊,南投縣政府警察局,仁愛分局
645,南投縣仁愛鄉望洋國小週邊,南投縣政府警察局,仁愛分局
646,南投縣仁愛鄉中正國小週邊,南投縣政府警察局,仁愛分局
647,南投縣信義鄉潭南村和平巷,南投縣政府警察局,信義分局
648,南投縣信義鄉人和村民生巷,南投縣政府警察局,信義分局
649,斗六市文生路（正心中學）附近竹林,雲林縣警察局,斗六分局
650,斗六市長安里堤防邊,雲林縣警察局,斗六分局
651,斗六市龍潭路雲科大運動場附近,雲林縣警察局,斗六分局
652,斗六市棒球場附近及廁所,雲林縣警察局,斗六分局
653,斗六市公正街212號（籽公園）,雲林縣警察局,斗六分局
654,斗六市府前街58號附近（斗六救國團）,雲林縣警察局,斗六分局
655,斗六市成功路150號前附近,雲林縣警察局,斗六分局
656,斗六市火車站廁所,雲林縣警察局,斗六分局
657,斗六市成功路成功夜市附近,雲林縣警察局,斗六分局
658,斗六市雲林國小活動中心旁,雲林縣警察局,斗六分局
659,斗南田徑場（大同路）,雲林縣警察局,斗南分局
660,古坑鄉西平村西平路夜市區域,雲林縣警察局,斗南分局
661,斗南鎮將軍里他里霧埤,雲林縣警察局,斗南分局
662,古坑鄉永昌村永興路（7-11超商）附近,雲林縣警察局,斗南分局
663,古坑鄉東和村文化路東和夜市,雲林縣警察局,斗南分局
664,雲林縣特殊教育學校後門產業道路,雲林縣警察局,斗南分局
665,虎尾鎮光復國小周遭,雲林縣警察局,虎尾分局
666,虎尾鎮德興路段,雲林縣警察局,虎尾分局
667,虎尾鎮復興路段,雲林縣警察局,虎尾分局
668,虎尾同心公園場防邊,雲林縣警察局,虎尾分局
669,褒忠鄉龍岩國小附近,雲林縣警察局,虎尾分局
670,西螺鎮福興里新街路,雲林縣警察局,西螺分局
671,西螺鎮九隆里九隆路,雲林縣警察局,西螺分局
672,西螺鎮新豐里市場南路,雲林縣警察局,西螺分局
673,西螺鎮濁水溪場防下大客車停車場附近,雲林縣警察局,西螺分局
674,西螺鎮濁水溪場防下自行車道旁壘球場附近,雲林縣警察局,西螺分局
675,崙背鄉大有村大有路,雲林縣警察局,西螺分局
676,北港鎮運動公園周邊,雲林縣警察局,北港分局
677,水林鄉松中村蔦松國小周邊,雲林縣警察局,北港分局
678,口湖鄉埔南村馨香宮周邊,雲林縣警察局,北港分局
679,東勢鄉78線交流道附近,雲林縣警察局,臺西分局
680,臺西鄉和豐村海產路24號附近,雲林縣警察局,臺西分局
681,東勢鄉同安村1鄰同安222號附近,雲林縣警察局,臺西分局
682,四湖鄉文化路口20巷51號附近,雲林縣警察局,臺西分局
683,水上鄉柳林國小周邊,嘉義縣警察局,水上分局
684,太保市崙頂里往安仁里產業道路,嘉義縣警察局,水上分局
685,太保市北新里往溪底寮產業道路,嘉義縣警察局,水上分局
686,鹿草鄉下潭村八掌溪堤防防汛道路(往義竹方向),嘉義縣警察局,水上分局
687,水上鄉靖西國小對面往頂過溝產業道路,嘉義縣警察局,水上分局
688,水上鄉嘉138線三界埔路段,嘉義縣警察局,水上分局
689,水上鄉柳鄉村自行車步道,嘉義縣警察局,水上分局
690,嘉義縣朴子市168線大鄉段,嘉義縣警察局,朴子分局
691,嘉義縣朴子市長庚醫院周邊,嘉義縣警察局,朴子分局
692,嘉義縣朴子市新庄里產業道路,嘉義縣警察局,朴子分局
693,嘉義縣六腳鄉蒜頭段,嘉義縣警察局,朴子分局
694,嘉義縣東石鄉猿樹段,嘉義縣警察局,朴子分局
695,嘉義縣中埔鄉和興村赤蘭溪西側堤防,嘉義縣警察局,中埔分局
696,嘉義縣中埔鄉和美村八掌溪堤防,嘉義縣警察局,中埔分局
697,嘉義縣中埔鄉裕民村「大有國小」產業道路,嘉義縣警察局,中埔分局
698,嘉義縣中埔鄉裕民村「成輝砂石場」產業道路,嘉義縣警察局,中埔分局
699,嘉義縣中埔鄉社口村「吳鳳廟」前,嘉義縣警察局,中埔分局
700,嘉義縣仁義潭水庫環潭道路,嘉義縣警察局,中埔分局
701,嘉義縣番路鄉民和村半天岩「紫雲寺」公園區,嘉義縣警察局,中埔分局
702,嘉義縣番路鄉觸口村天長地久,嘉義縣警察局,中埔分局
703,嘉義縣義竹鄉、布袋鎮八掌溪堤岸防汛道路,嘉義縣警察局,布袋分局
704,嘉義縣竹崎鄉竹崎村坑仔坪,嘉義縣警察局,竹崎分局
705,嘉義縣阿里山鄉樂野村1鄰,嘉義縣警察局,竹崎分局
706,嘉義縣竹崎鄉竹崎村中正路,嘉義縣警察局,竹崎分局
707,嘉義縣民雄鄉建國路2段,嘉義縣警察局,民雄分局
708,嘉義縣民雄鄉文化路,嘉義縣警察局,民雄分局
709,嘉義縣新港鄉月眉國小附近,嘉義縣警察局,民雄分局
710,嘉義縣大林鎮三角里社團社區,嘉義縣警察局,民雄分局
711,嘉義縣新港鄉北崙村復興國小附近,嘉義縣警察局,民雄分局
712,屏東縣九如鄉九清村九如路,屏東縣政府警察局,里港分局
713,屏東縣九如鄉洽興村洽興路,屏東縣政府警察局,里港分局
714,屏東縣內埔鄉中興路與中華三街,屏東縣政府警察局,里港分局
715,屏東縣內埔鄉水門村三地門大橋路,屏東縣政府警察局,里港分局
716,屏東縣內埔鄉水門村中山路,屏東縣政府警察局,里港分局
717,屏東縣內埔鄉水門村仁愛路,屏東縣政府警察局,里港分局
718,屏東縣內埔鄉老埤村昌南路,屏東縣政府警察局,里港分局
719,屏東縣內埔鄉富田村和順路,屏東縣政府警察局,里港分局
720,屏東縣內埔鄉隘寮村清涼路,屏東縣政府警察局,里港分局
721,屏東縣內埔鄉興南村,屏東縣政府警察局,里港分局
722,屏東縣內埔鄉龍潭村昭勝路週邊,屏東縣政府警察局,里港分局
723,屏東縣內埔鄉豐田村中正路,屏東縣政府警察局,里港分局
724,屏東縣竹田鄉二崙村2鄰義和路,屏東縣政府警察局,里港分局
725,屏東縣竹田鄉二崙村忠義路17巷,屏東縣政府警察局,里港分局
726,屏東縣竹田鄉大湖村大平路,屏東縣政府警察局,里港分局
727,屏東縣竹田鄉六巷村1鄰太平路116號對面土地公廟前,屏東縣政府警察局,里港分局
728,屏東縣竹田鄉西勢村14鄰東西六路,屏東縣政府警察局,里港分局
729,屏東縣竹田鄉頭崙村三山路,屏東縣政府警察局,里港分局
730,屏東縣竹田鄉糶糴村三和路,屏東縣政府警察局,里港分局
731,屏東縣牡丹鄉牡丹村牡丹路,屏東縣政府警察局,里港分局
732,屏東縣車城鄉,屏東縣政府警察局,里港分局
733,屏東縣里港鄉三部村江南巷,屏東縣政府警察局,里港分局
734,屏東縣里港鄉大平村中山南路27號,屏東縣政府警察局,里港分局
735,屏東縣里港鄉里港市場內,屏東縣政府警察局,里港分局
736,屏東縣佳冬鄉六根村東鎮路,屏東縣政府警察局,里港分局
737,屏東縣佳冬鄉塭豐村佳豐路,屏東縣政府警察局,里港分局
738,屏東縣枋山鄉善餘村德隆路,屏東縣政府警察局,里港分局
739,屏東縣枋寮鄉水底寮商展場,屏東縣政府警察局,里港分局
740,屏東縣枋寮鄉北勢寮段,屏東縣政府警察局,里港分局
741,屏東縣枋寮鄉枋寮村中山路,屏東縣政府警察局,里港分局
742,屏東縣枋寮鄉枋寮村德興路段,屏東縣政府警察局,里港分局
743,屏東縣東港鎮東隆里東隆宮牌樓下路,屏東縣政府警察局,里港分局
744,屏東縣東港鎮南平里南興路,屏東縣政府警察局,里港分局
745,屏東縣東港鎮船頭里船頭路,屏東縣政府警察局,里港分局
746,屏東縣東港鎮嘉蓮里嘉漁街,屏東縣政府警察局,里港分局
747,屏東縣東港鎮興東里興東路,屏東縣政府警察局,里港分局
748,屏東縣東港鎮鎮海里鎮海宮前路,屏東縣政府警察局,里港分局
749,屏東縣長治鄉九天龍鳳宮,屏東縣政府警察局,里港分局
750,屏東縣長治鄉崙上村中興路,屏東縣政府警察局,里港分局
751,屏東縣長治鄉復興村復興路,屏東縣政府警察局,里港分局
752,屏東縣長治鄉新潭村新民街,屏東縣政府警察局,里港分局
753,屏東縣長治鄉瑞光路,屏東縣政府警察局,里港分局
754,屏東縣長治鄉榮華村,屏東縣政府警察局,里港分局
755,屏東縣長治鄉德協村德新路,屏東縣政府警察局,里港分局
756,屏東縣長治鄉德和村德和路,屏東縣政府警察局,里港分局
757,屏東縣長治鄉繁榮村新榮路,屏東縣政府警察局,里港分局
758,屏東縣南州鄉溪北村仁里路,屏東縣政府警察局,里港分局
759,屏東縣南州鄉壽元村壽元段路,屏東縣政府警察局,里港分局
760,屏東縣屏東市三山里三山,屏東縣政府警察局,里港分局
761,屏東縣屏東市大武里永大路,屏東縣政府警察局,里港分局
762,屏東縣屏東市大連里建豐路,屏東縣政府警察局,里港分局
763,屏東縣屏東市大連里豐連街,屏東縣政府警察局,里港分局
764,屏東縣屏東市大連路,屏東縣政府警察局,里港分局
765,屏東縣屏東市中山路,屏東縣政府警察局,里港分局
766,屏東縣屏東市中正路,屏東縣政府警察局,里港分局
767,屏東縣屏東市公德巷,屏東縣政府警察局,里港分局
768,屏東縣屏東市北興里公裕街,屏東縣政府警察局,里港分局
769,屏東縣屏東市古松西巷,屏東縣政府警察局,里港分局
770,屏東縣屏東市民生東路,屏東縣政府警察局,里港分局
771,屏東縣屏東市民族路夜市,屏東縣政府警察局,里港分局
772,屏東縣屏東市永大路,屏東縣政府警察局,里港分局
773,屏東縣屏東市自由路段,屏東縣政府警察局,里港分局
774,屏東縣屏東市和平路,屏東縣政府警察局,里港分局
775,屏東縣屏東市忠孝路,屏東縣政府警察局,里港分局
776,屏東縣屏東市長安里民族路,屏東縣政府警察局,里港分局
777,屏東縣屏東市信義路,屏東縣政府警察局,里港分局
778,屏東縣屏東市信德巷,屏東縣政府警察局,里港分局
779,屏東縣屏東市建國路,屏東縣政府警察局,里港分局
780,屏東縣屏東市崁頂,屏東縣政府警察局,里港分局
781,屏東縣屏東市桂林街,屏東縣政府警察局,里港分局
782,屏東縣屏東市崇智里光復路,屏東縣政府警察局,里港分局
783,屏東縣屏東市逢甲路與南京路口,屏東縣政府警察局,里港分局
784,屏東縣屏東市復興南路,屏東縣政府警察局,里港分局
785,屏東縣屏東市斯文里天津街,屏東縣政府警察局,里港分局
786,屏東縣屏東市華山里華山街,屏東縣政府警察局,里港分局
787,屏東縣屏東市華山里廣東路,屏東縣政府警察局,里港分局
788,屏東縣屏東市華盛街,屏東縣政府警察局,里港分局
789,屏東縣屏東市潭墘里崇武路,屏東縣政府警察局,里港分局
790,屏東縣屏東市豐田里建豐路,屏東縣政府警察局,里港分局
791,屏東縣恆春鎮大光路,屏東縣政府警察局,里港分局
792,屏東縣恆春鎮中正路,屏東縣政府警察局,里港分局
793,屏東縣恆春鎮赤崁路,屏東縣政府警察局,里港分局
794,屏東縣恆春鎮南門圓環,屏東縣政府警察局,里港分局
795,屏東縣恆春鎮城西里西門路,屏東縣政府警察局,里港分局
796,屏東縣恆春鎮城南里文化路,屏東縣政府警察局,里港分局
797,屏東縣恆春鎮恆公路,屏東縣政府警察局,里港分局
798,屏東縣恆春鎮恆南路,屏東縣政府警察局,里港分局
799,屏東縣恆春鎮墾丁里墾丁路,屏東縣政府警察局,里港分局
800,屏東縣春日鄉春日村春日路,屏東縣政府警察局,里港分局
801,屏東縣春日鄉春古路段,屏東縣政府警察局,里港分局
802,屏東縣琉球鄉大福村仁愛路,屏東縣政府警察局,里港分局
803,屏東縣高樹鄉源泉村泉興,屏東縣政府警察局,里港分局
804,屏東縣高樹鄉舊寮村長美路,屏東縣政府警察局,里港分局
805,屏東縣新埤鄉新埤村新華段324地號,屏東縣政府警察局,里港分局
806,屏東縣新埤鄉箕湖村興農路,屏東縣政府警察局,里港分局
807,屏東縣新埤鄉餉潭村龍潭路15號前騎樓,屏東縣政府警察局,里港分局
808,屏東縣新園鄉三民路,屏東縣政府警察局,里港分局
809,屏東縣新園鄉烏龍村臥龍路,屏東縣政府警察局,里港分局
810,屏東縣新園鄉烏龍村龍港大橋下路,屏東縣政府警察局,里港分局
811,屏東縣新園鄉港西村平和路,屏東縣政府警察局,里港分局
812,屏東縣新園鄉鹽埔村義仁路,屏東縣政府警察局,里港分局
813,屏東縣獅子鄉丹路村丹路,屏東縣政府警察局,里港分局
814,屏東縣萬丹鄉水仙村水哮路,屏東縣政府警察局,里港分局
815,屏東縣萬丹鄉水泉村大發路,屏東縣政府警察局,里港分局
816,屏東縣萬丹鄉廈北村南北路,屏東縣政府警察局,里港分局
817,屏東縣萬丹鄉廈北路,屏東縣政府警察局,里港分局
818,屏東縣萬丹鄉新庄村新興街,屏東縣政府警察局,里港分局
819,屏東縣萬丹鄉新鐘村新鐘路,屏東縣政府警察局,里港分局
820,屏東縣萬丹鄉萬丹路,屏東縣政府警察局,里港分局
821,屏東縣萬丹鄉萬丹路與中興路口,屏東縣政府警察局,里港分局
822,屏東縣萬丹鄉萬全村忠孝街,屏東縣政府警察局,里港分局
823,屏東縣萬丹鄉廣安村廣安路,屏東縣政府警察局,里港分局
824,屏東縣萬丹鄉興全村興國路,屏東縣政府警察局,里港分局
825,屏東縣萬丹鄉寶厝村中興路,屏東縣政府警察局,里港分局
826,屏東縣萬巒鄉萬和村南進路,屏東縣政府警察局,里港分局
827,屏東縣潮州鎮八爺里曲振路,屏東縣政府警察局,里港分局
828,屏東縣潮州鎮三共里瑞昌街,屏東縣政府警察局,里港分局
829,屏東縣潮州鎮三和里華巖街,屏東縣政府警察局,里港分局
830,屏東縣潮州鎮三星里三林路,屏東縣政府警察局,里港分局
831,屏東縣潮州鎮三星里三城路,屏東縣政府警察局,里港分局
832,屏東縣潮州鎮三星里壽星路段,屏東縣政府警察局,里港分局
833,屏東縣潮州鎮永春里北平路,屏東縣政府警察局,里港分局
834,屏東縣潮州鎮永春里永昌路,屏東縣政府警察局,里港分局
835,屏東縣潮州鎮永春里光春路,屏東縣政府警察局,里港分局
836,屏東縣潮州鎮永春里萬年路,屏東縣政府警察局,里港分局
837,屏東縣潮州鎮光華里中山路11號潮州高中籃球場,屏東縣政府警察局,里港分局
838,屏東縣潮州鎮光華里育英路31號潮州國小,屏東縣政府警察局,里港分局
839,屏東縣潮州鎮光華里南京路,屏東縣政府警察局,里港分局
840,屏東縣潮州鎮光華里華興路段,屏東縣政府警察局,里港分局
841,屏東縣潮州鎮同榮里清水路與中山路口,屏東縣政府警察局,里港分局
842,屏東縣潮州鎮泗林里通潮路,屏東縣政府警察局,里港分局
843,屏東縣潮州鎮崙東里12鄰鳳尾,屏東縣政府警察局,里港分局
844,屏東縣潮州鎮崙東里崙川路,屏東縣政府警察局,里港分局
845,屏東縣潮州鎮富春里天祥路,屏東縣政府警察局,里港分局
846,屏東縣潮州鎮新生里中山路,屏東縣政府警察局,里港分局
847,屏東縣潮州鎮新生里平安路,屏東縣政府警察局,里港分局
848,屏東縣潮州鎮新榮里昌明路,屏東縣政府警察局,里港分局
849,屏東縣潮州鎮蓬萊里府洋北街,屏東縣政府警察局,里港分局
850,屏東縣潮州鎮蓬萊里榮田路,屏東縣政府警察局,里港分局
851,屏東縣潮州鎮興美里光復路,屏東縣政府警察局,里港分局
852,屏東縣麟洛鄉民生路麟安巷土地公廟,屏東縣政府警察局,里港分局
853,屏東縣麟洛鄉田中村延和街永春巷,屏東縣政府警察局,里港分局
854,屏東縣麟洛鄉新田村民族路相庄巷,屏東縣政府警察局,里港分局
855,屏東縣麟洛鄉麟趾村光明巷麟義段,屏東縣政府警察局,里港分局
856,屏東縣鹽埔鄉洛陽村七份路,屏東縣政府警察局,里港分局
857,屏東縣鹽埔鄉高朗村光明街,屏東縣政府警察局,里港分局
858,屏東縣鹽埔鄉新二村維新路段,屏東縣政府警察局,里港分局
859,屏東縣鹽埔鄉鹽南村豐年路,屏東縣政府警察局,里港分局
860,宜蘭縣宜蘭市林森路後火車站,宜蘭縣政府警察局,宜蘭分局
861,宜蘭縣宜蘭市東港路2巷五大社區,宜蘭縣政府警察局,宜蘭分局
862,宜蘭縣宜蘭市中山路宜蘭橋下,宜蘭縣政府警察局,宜蘭分局
863,宜蘭縣宜蘭市舊城南路中山公園,宜蘭縣政府警察局,宜蘭分局
864,宜蘭縣鼻頭仔公園,宜蘭縣政府警察局,宜蘭分局
865,宜蘭縣員山鄉與大同鄉交界處,宜蘭縣政府警察局,宜蘭分局
866,宜蘭縣宜蘭市運動公園,宜蘭縣政府警察局,宜蘭分局
867,宜蘭縣羅東鎮竹義路2號竹義廟,宜蘭縣政府警察局,羅東分局
868,宜蘭縣羅東夜市,宜蘭縣政府警察局,羅東分局
869,宜蘭縣羅東火車站,宜蘭縣政府警察局,羅東分局
870,宜蘭縣羅東運動公園,宜蘭縣政府警察局,羅東分局
871,宜蘭縣安平大眾廟,宜蘭縣政府警察局,羅東分局
872,宜蘭縣羅東鎮義成路變電所,宜蘭縣政府警察局,羅東分局
873,宜蘭縣大進高壓變電所,宜蘭縣政府警察局,羅東分局
874,宜蘭縣頭城火車站旁地下道,宜蘭縣政府警察局,礁溪分局
875,宜蘭縣大福海邊,宜蘭縣政府警察局,礁溪分局
876,宜蘭縣頭城海水浴場,宜蘭縣政府警察局,礁溪分局
877,宜蘭縣烏石港,宜蘭縣政府警察局,礁溪分局
878,宜蘭縣頂埔車站,宜蘭縣政府警察局,礁溪分局
879,宜蘭縣五峰旗風景區,宜蘭縣政府警察局,礁溪分局
880,宜蘭縣蘇澳火車站,宜蘭縣政府警察局,蘇澳分局
881,宜蘭縣北濱公園,宜蘭縣政府警察局,蘇澳分局
882,宜蘭縣豆腐岬,宜蘭縣政府警察局,蘇澳分局
883,宜蘭縣蘇澳新火車站,宜蘭縣政府警察局,蘇澳分局
884,宜蘭縣蘇澳鎮福德路段,宜蘭縣政府警察局,蘇澳分局
885,宜蘭縣蘇澳鎮忠孝路、信義路段,宜蘭縣政府警察局,蘇澳分局
886,宜蘭縣龍德工業區,宜蘭縣政府警察局,蘇澳分局
887,宜蘭縣南澳鄉中正路段,宜蘭縣政府警察局,蘇澳分局
888,宜蘭縣南澳火車站,宜蘭縣政府警察局,蘇澳分局
889,宜蘭縣清水地熱風景區,宜蘭縣政府警察局,三星分局
890,宜蘭縣分洪堰風景區,宜蘭縣政府警察局,三星分局
891,宜蘭縣柑仔坑土地公廟,宜蘭縣政府警察局,三星分局
892,宜蘭縣三星鄉三星路一段,宜蘭縣政府警察局,三星分局
893,宜蘭縣三星鄉上將路二段,宜蘭縣政府警察局,三星分局
894,花蓮市好樂迪KTV週邊,花蓮縣警察局,花蓮分局
895,花蓮市民光大陳一村內,花蓮縣警察局,花蓮分局
896,花蓮市門諾醫院週邊,花蓮縣警察局,花蓮分局
897,花蓮市國聯三路週邊,花蓮縣警察局,花蓮分局
898,花蓮縣吉安鄉吉祥四街週邊,花蓮縣警察局,吉安分局
899,花蓮縣吉安鄉廣賢路一段週邊,花蓮縣警察局,吉安分局
900,花蓮縣吉安鄉吉林五街週邊,花蓮縣警察局,吉安分局
901,花蓮縣吉安鄉建國路二段週邊,花蓮縣警察局,吉安分局
902,花蓮縣光復鄉大馬村中山路三段89巷附近,花蓮縣警察局,鳳林分局
903,花蓮縣光復鄉大馬村林森路附近,花蓮縣警察局,鳳林分局
904,花蓮縣鳳林鎮長橋里忠二路,花蓮縣警察局,鳳林分局
905,花蓮縣卓溪鄉南安橋,花蓮縣警察局,玉里分局
906,花蓮縣玉里鎮大同路,花蓮縣警察局,玉里分局
907,花蓮縣秀林鄉富世村風景管理區,花蓮縣警察局,新城分局
908,花蓮縣秀林鄉崇德村崇德,花蓮縣警察局,新城分局
909,花蓮縣秀林鄉景美村加灣,花蓮縣警察局,新城分局
910,臺東市森林公園周邊,臺東縣警察局,臺東分局
911,臺東市海濱公園周邊,臺東縣警察局,臺東分局
912,臺東市育仁中學周邊,臺東縣警察局,臺東分局
913,臺東縣海端鄉向陽森林遊樂區周邊,臺東縣警察局,關山分局
914,臺東縣成功鎮富榮山區產業道路,臺東縣警察局,成功分局
915,臺東縣成功鎮美山山區產業道路,臺東縣警察局,成功分局
916,臺東縣太麻里鄉太麻里曙光園區,臺東縣警察局,大武分局
917,臺東縣大武鄉大鳥村濱海公園休憩區,臺東縣警察局,大武分局
918,臺東縣金峰鄉嘉蘭村林產試驗所旁山區產業道路,臺東縣警察局,大武分局
919,澎湖縣菜園菊苑生態園區(觀鳥廊道),澎湖縣政府警察局,馬公分局
920,澎湖縣馬公市重光海域廢棄養殖場,澎湖縣政府警察局,馬公分局
921,澎湖縣馬公市文化園區周邊,澎湖縣政府警察局,馬公分局
922,澎湖縣馬公市第三漁港漁具倉庫周邊,澎湖縣政府警察局,馬公分局
